<?xml version="1.0" encoding="UTF-8"?>
<project-private xmlns="http://www.netbeans.org/ns/project-private/1">
    <editor-bookmarks xmlns="http://www.netbeans.org/ns/editor-bookmarks/2" lastBookmarkId="0"/>
    <open-files xmlns="http://www.netbeans.org/ns/projectui-open-files/2">
        <group>
            <file>file:/D:/UFRGS/semestre%203/Classificação%20e%20Pesquisa%20de%20Dados/trabalho/MapeamentoPolitico/src/mapeamentopolitico/LerArquivos.java</file>
            <file>file:/D:/UFRGS/semestre%203/Classificação%20e%20Pesquisa%20de%20Dados/trabalho/MapeamentoPolitico/src/mapeamentopolitico/MapeamentoPolitico.java</file>
            <file>file:/D:/UFRGS/semestre%203/Classificação%20e%20Pesquisa%20de%20Dados/trabalho/MapeamentoPolitico/src/mapeamentopolitico/Estrutura.java</file>
            <file>file:/D:/UFRGS/semestre%203/Classificação%20e%20Pesquisa%20de%20Dados/trabalho/MapeamentoPolitico/src/mapeamentopolitico/Heapsort.java</file>
            <file>file:/D:/UFRGS/semestre%203/Classificação%20e%20Pesquisa%20de%20Dados/trabalho/MapeamentoPolitico/src/mapeamentopolitico/SalvaD.java</file>
        </group>
    </open-files>
</project-private>
